segmentid,streetname,x,y,cluster,capacity
326042,Beach St (400-498),-122.416483102,37.8072254074,2,15.0
681252,Taylor St (2500-2598),-122.41528113055,37.80595604505,2,8.0
681251,Taylor St (2501-2599),-122.41540283645,37.805874572549996,2,11.0
681262,Taylor St (2600-2698),-122.4154657011,37.806864313000005,2,11.0
681261,Taylor St (2601-2699),-122.4155864011,37.80677077045,2,10.0
681272,Taylor St (2700-2798),-122.4156437337,37.80774592635,2,6.0
681271,Taylor St (2701-2799),-122.41576845705,37.8076901026,2,6.0
585012,North Point St (100-198),-122.4095604506,37.80714896395,2,12.0
542301,Larkin St (3001-3099),-122.42217209820001,37.8059801851,2,9.0
546273,Leavenworth St (2701-2715),-122.41892878700001,37.80663196535,2,3.0
472281,Hyde St (2801-2899),-122.42073828205001,37.8071555019,2,2.0
325052,Bay St (500-598),-122.41612150475001,37.80538171395,2,9.0
326022,Beach St (200-298),-122.41315530070001,37.807642325450004,2,10.0
326032,Beach St (300-398),-122.41479833035,37.8074316033,2,9.0
326052,Beach St (500-598),-122.41811003820001,37.8070171998,2,7.0
326062,Beach St (600-698),-122.419497586,37.80684067595,2,5.0
326061,Beach St (641-699),-122.4201217059,37.8066445383,2,2.0
326072,Beach St (700-898),-122.42154043455,37.806598772849995,2,14.0
326071,Beach St (701-799),-122.42134781735001,37.80648259905,2,15.0
326082,Beach St (800-898),-122.42305471735,37.80639307985,2,5.0
326081,Beach St (801-899),-122.42299688195001,37.8062728827,2,11.0
363122,Columbus Ave (1200-1298),-122.41790535105,37.8057558841,2,6.0
847001,Jefferson St (1-99),-122.41337909875,37.80846157715,2,17.0
847011,Jefferson St (101-199),-122.41499999999999,37.8082599075,2,17.0
502262,Jones St (2600-2698),-122.41692214845,37.805708107,2,6.0
502271,Jones St (2701-2799),-122.41723697445,37.80661033995,2,9.0
502282,Jones St (2800-2898),-122.41726312615,37.80742707705001,2,8.0
542302,Larkin St (3000-3098),-122.42204385435001,37.806016897999996,2,8.0
546281,Leavenworth St (2801-2849),-122.41906960370001,37.807332528649994,2,5.0
562231,Mason St (2351-2399),-122.41364313015,37.805425467700005,2,2.0
562241,Mason St (2401-2499),-122.4137557835,37.8060727218,2,9.0
562252,Mason St (2500-2598),-122.4138161336,37.80702625225,2,5.0
562261,Mason St (2601-2699),-122.41411939245,37.807869141050006,2,3.0
585022,North Point St (200-298),-122.41123063770002,37.806941259300004,2,17.0
585052,North Point St (500-598),-122.41630657815,37.8063050694,2,11.0
585061,North Point St (601-679),-122.4178118085,37.80598169380001,2,4.0
585092,North Point St (900-998),-122.42283142225,37.805459163150005,2,14.0
612312,Polk St (3100-3198),-122.4236748139,37.80577147455,2,8.0
612311,Polk St (3101-3199),-122.42385988735,37.8059097767,2,6.0
616242,Powell St (2400-2498),-122.41210772480001,37.8069769664,2,3.0
664232,Stockton St (2300-2398),-122.41050694025,37.807335043250006,2,3.0
720012,Washington St (100-198),-122.3976061155,37.7963045665,8,9.0
720011,Washington St (101-199),-122.3975834842,37.796232146449995,8,5.0
666001,Sutter St (51-99),-122.4014152082,37.790083987100004,8,15.0
606042,Pine St (400-448),-122.4032699658,37.7918718568,8,12.0
571031,Montgomery St (301-399),-122.4027353651,37.7923526453,8,11.0
571051,Montgomery St (501-599),-122.4031180849,37.79420991755,8,8.0
571061,Montgomery St (601-699),-122.40328253875,37.7950331925,8,7.0
571072,Montgomery St (700-798),-122.40336702875,37.7960576343,8,5.0
571071,Montgomery St (701-799),-122.40348119095,37.7960500905,8,5.0
500001,Jackson St (1-99),-122.3977167572,37.7971117481,8,7.0
500012,Jackson St (100-198),-122.39894085699999,37.7970725206,8,9.0
500011,Jackson St (101-199),-122.39884832025001,37.796967411,8,9.0
500022,Jackson St (200-298),-122.4001010863,37.7968939851,8,5.0
418002,Folsom St (40-98),-122.3906266345,37.790462683550004,6,8.0
386011,Drumm St (101-199),-122.39676272380001,37.7948928787,8,5.0
386001,Drumm St (7-99),-122.39660329910001,37.79410732245,8,12.0
830001,Embarcadero North (1-99),-122.3947118286,37.795423958949996,6,16.0
830012,Embarcadero North (100-198),-122.39482699659999,37.796441862799995,6,2.0
830022,Embarcadero North (200-298),-122.39559547180001,37.7972631161,8,3.0
830021,Embarcadero North (201-299),-122.396458962,37.7975960571,8,8.0
831001,Embarcadero South (1-99),-122.3938181452,37.7945086502,6,8.0
336012,Bush St (100-198),-122.40033142225,37.791281432299996,8,6.0
336011,Bush St (101-199),-122.4003626031,37.791174311,8,4.0
336031,Bush St (311-399),-122.4032850533,37.79079812915,8,12.0
201022,1st St (200-298),-122.39531884934999,37.78785153895,6,9.0
201021,1st St (201-299),-122.39514836049999,37.78795866025,6,0.0
201032,1st St (300-360),-122.39397002614999,37.786772279199994,7,5.0
201031,1st St (301-399),-122.39360641719999,37.78672500505,7,0.0
202022,2nd St (200-298),-122.3974808217,37.7860596468,7,7.0
202032,2nd St (300-398),-122.3958383625,37.78473093945,7,10.0
202031,2nd St (301-399),-122.39586300545,37.784993462100005,7,0.0
202041,2nd St (401-499),-122.39420740290001,37.783673305149996,7,0.0
202054,2nd St (550-598),-122.39254727414999,37.782102192699995,7,4.0
202062,2nd St (600-698),-122.39149165155,37.781256789349996,7,17.0
202061,2nd St (601-699),-122.39109283845,37.781180346,7,0.0
324041,Battery St (401-499),-122.40049788775,37.795407865650006,8,6.0
324042,Battery St (450-498),-122.40035254475,37.795602997399996,8,3.0
324052,Battery St (500-598),-122.40050643730001,37.79633675315,8,3.0
359012,Clay St (100-198),-122.3974180245,37.795429993949995,8,13.0
359011,Clay St (101-199),-122.39764333129999,37.795328404749995,8,2.0
359042,Clay St (400-498),-122.4008977067,37.7949798833,8,8.0
359052,Clay St (500-598),-122.4025744317,37.794807885750004,8,2.0
359051,Clay St (501-599),-122.40216455445,37.7947108228,8,6.0
380012,Davis St (100-198),-122.39763126129999,37.7939921545,8,11.0
380011,Davis St (101-199),-122.3978108027,37.7940882116,8,8.0
380022,Davis St (200-398),-122.39779521225,37.7948687387,8,5.0
380021,Davis St (201-399),-122.3979556427,37.79478173405,8,2.0
380031,Davis St (301-399),-122.39814272785,37.79574733455,8,5.0
422022,Front St (200-298),-122.3987819352,37.793738684350004,8,3.0
422032,Front St (300-398),-122.39898310200002,37.7947827399,8,3.0
500021,Jackson St (201-299),-122.4000890163,37.79680899215,8,7.0
500032,Jackson St (300-398),-122.4012663448,37.7967486421,8,8.0
500042,Jackson St (400-498),-122.4026810501,37.79656004825,8,11.0
500041,Jackson St (401-499),-122.40267199760001,37.7964805874,8,9.0
520021,Kearny St (201-299),-122.40402534700002,37.790309796849996,8,12.0
561002,Main St (2-98),-122.39579259704999,37.79242657415,6,9.0
569002,Market St (2-198),-122.3949084691,37.79455592435,6,3.0
650011,Sacramento St (101-199),-122.3971786361,37.7944719372,8,7.0
650021,Sacramento St (201-299),-122.39839569505,37.79431703885,8,9.0
650031,Sacramento St (301-399),-122.3995866023,37.79416063165,8,10.0
650041,Sacramento St (401-499),-122.40075437535,37.79401076245,8,11.0
650051,Sacramento St (501-599),-122.40218617984999,37.79383373565,8,14.0
651041,Sansome St (401-449),-122.40144840069999,37.7942063971,8,5.0
651052,Sansome St (500-598),-122.40148762825,37.79519563465,8,4.0
651051,Sansome St (501-599),-122.4016430296,37.7952122309,8,8.0
651061,Sansome St (601-699),-122.40184671095,37.7961828606,8,6.0
665002,Steuart St (2-78),-122.39432961175001,37.794037417,6,6.0
666012,Sutter St (100-198),-122.40303761819999,37.789983906649994,8,16.0
720022,Washington St (200-398),-122.3985938443,37.79617883725,8,4.0
720032,Washington St (200-430),-122.39971585195,37.79603651175,8,16.0
720021,Washington St (201-399),-122.3987482398,37.7960465701,8,5.0
720041,Washington St (401-499),-122.40108428885,37.79572118285,8,14.0
720052,Washington St (500-598),-122.4027227922,37.795659827,8,9.0
720051,Washington St (501-599),-122.4025145846,37.7955587407,8,9.0
203042,3rd St (434-466),-122.39669533295,37.7818819151,7,2.0
203043,3rd St (467-499),-122.39605964595,37.78161888955,7,6.0
203044,3rd St (468-498),-122.39625326894999,37.781526352849994,7,6.0
203052,3rd St (500-598),-122.39515942464999,37.78065781535,7,19.0
203051,3rd St (501-549),-122.39540233355001,37.78109485015,7,7.0
203053,3rd St (551-599),-122.39457050895,37.780430496899996,7,6.0
203062,3rd St (600-698),-122.3936008851,37.77940756385,5,18.0
203061,3rd St (601-699),-122.39349175215,37.77956447395,5,14.0
203071,3rd St (701-799),-122.39229179235001,37.77860943475,5,8.0
204052,4th St (500-598),-122.3973601891,37.778873466099995,5,17.0
204051,4th St (501-567),-122.39743009455,37.779172701700006,5,0.0
204062,4th St (600-648),-122.3960973647,37.7778681352,5,4.0
204061,4th St (601-699),-122.3957139421,37.77780602915,5,0.0
205061,5th St (601-699),-122.39781382015,37.7759389459,5,0.0
328002,Beale St (2-98),-122.39666415205,37.79170991755,6,14.0
339012,Berry St (100-198),-122.39228776905,37.77671846715,5,0.0
339011,Berry St (101-199),-122.39229330115,37.77651076245,5,15.0
339022,Berry St (200-298),-122.39369291895001,37.7756100382,5,2.0
339021,Berry St (201-299),-122.39476463490001,37.77458308185,5,21.0
339031,Berry St (301-399),-122.39666264335,37.77308539525,5,31.0
339042,Berry St (400-498),-122.3990756387,37.7713639107,5,12.0
339041,Berry St (401-499),-122.3984681151,37.7716490646,5,21.0
330021,Brannan St (269-299),-122.391525347,37.782154999,7,8.0
330022,Brannan St (272-298),-122.39179139005,37.782187688549996,7,7.0
330031,Brannan St (301-399),-122.39309796820001,37.780915308800004,7,0.0
330034,Brannan St (350-398),-122.39379953734999,37.78060098575,7,13.0
330042,Brannan St (400-498),-122.39547523725,37.779277066350005,5,17.0
330052,Brannan St (500-598),-122.3974874271,37.7776906055,5,22.0
330051,Brannan St (501-599),-122.39752363705,37.777411989550004,5,0.0
331041,Bryant St (401-449),-122.39411939249999,37.7825507946,7,11.0
331043,Bryant St (451-499),-122.395187588,37.7817043854,7,9.0
331051,Bryant St (501-599),-122.39681955340001,37.780417421050004,7,16.0
826062,Delancey St (600-698),-122.3894201368,37.78314926575,7,22.0
826061,Delancey St (601-699),-122.3892783142,37.78328002415,7,18.0
831022,Embarcadero South (200-298),-122.39034701325001,37.79174512895,6,20.0
831021,Embarcadero South (201-299),-122.39094598675001,37.791612854549996,6,18.0
831032,Embarcadero South (300-398),-122.3892783142,37.79049084695,6,12.0
831042,Embarcadero South (400-498),-122.38790535105,37.7888116073,6,19.0
831061,Embarcadero South (601-699),-122.38836149670001,37.783484711300005,7,32.0
418051,Folsom St (501-599),-122.39550090525,37.78637095155,7,0.0
418062,Folsom St (600-650),-122.39734460734999,37.7851587144,7,10.0
418063,Folsom St (645-699),-122.3982855562,37.78417219875,7,12.0
420001,Fremont St (1-99),-122.39716505735001,37.7909414605,8,0.0
420002,Fremont St (2-98),-122.39729983904999,37.7908449004,8,8.0
471052,Harrison St (500-598),-122.3941968417,37.7851971434,7,16.0
471051,Harrison St (501-549),-122.39336803465,37.785595453599996,7,7.0
471062,Harrison St (600-646),-122.39592134380001,37.78383625025,7,9.0
471061,Harrison St (601-699),-122.39616978475,37.78337608125,7,22.0
471064,Harrison St (648-698),-122.39691963390001,37.7830431503,7,13.0
463012,Hawthorne St (100-198),-122.39707000605,37.78400221285,7,13.0
463011,Hawthorne St (101-199),-122.3969835043,37.78407714745,7,0.0
463002,Hawthorne St (2-98),-122.39863960974999,37.78526000805,7,7.0
470012,Howard St (100-198),-122.3930587407,37.790989237549994,6,6.0
470002,Howard St (50-98),-122.3921635486,37.79167974255,6,8.0
470001,Howard St (51-99),-122.39200814725001,37.7915932408,6,0.0
501012,Jessie St (100-134),-122.40072671495,37.788190002,8,1.0
501011,Jessie St (101-131),-122.40052527185,37.7882486039,8,0.0
524012,King St (100-198),-122.3902821364,37.7795322873,7,0.0
524022,King St (200-298),-122.39274844094999,37.7775764434,5,0.0
561031,Main St (301-399),-122.3910415409,37.78883272985,6,0.0
568001,Mission St (1-33),-122.3928746731,37.793371555,6,4.0
568011,Mission St (101-199),-122.3944176222,37.79214644939999,6,13.0
568002,Mission St (2-34),-122.39295463689999,37.793531985550004,6,2.0
568003,Mission St (35-99),-122.39353299135,37.79284952729999,6,9.0
568004,Mission St (36-98),-122.3936974452,37.79292295315,6,8.0
568062,Mission St (600-634),-122.40038573725,37.787639307999996,8,2.0
568061,Mission St (601-634),-122.4002534701,37.78754023335,8,2.0
568063,Mission St (636-698),-122.4010174009,37.786937235950006,8,12.0
568064,Mission St (636-698),-122.40113407765,37.7870483806,8,9.0
571001,Montgomery St (1-99),-122.40215550190001,37.78953882515,8,12.0
582012,New Montgomery St (100-198),-122.39979179235,37.7867893784,7,9.0
644032,Ritch St (300-398),-122.39409474954999,37.779022329499995,5,17.0
651001,Sansome St (1-99),-122.40074834040001,37.7908016496,8,2.0
671001,South Park (1-99),-122.39298330315,37.782238483200004,7,9.0
671012,South Park (150-198),-122.39489388455,37.7809419634,7,11.0
671011,South Park (151-199),-122.3947354657,37.780854455850005,7,13.0
671002,South Park (2-98),-122.39315630659999,37.78232699655,7,11.0
658011,Spear St (101-199),-122.39308740695,37.79186582175,6,0.0
658022,Spear St (200-298),-122.39179289879999,37.79062864615,6,20.0
658021,Spear St (201-299),-122.391676725,37.7907402937,6,0.0
864042,Spear St (400-498),-122.38873063770001,37.7881809495,6,20.0
658041,Spear St (401-499),-122.38910883125,37.788685375149996,6,0.0
864041,Spear St (401-499),-122.38863106015,37.78830517,6,0.0
665012,Steuart St (100-198),-122.39245674915,37.7925442567,6,6.0
665011,Steuart St (101-199),-122.39232850535,37.792666465500005,6,0.0
666011,Sutter St (101-199),-122.40303711525002,37.789878294100006,8,7.0
684011,Townsend St (101-199),-122.39147455240001,37.77974049485,7,0.0
684012,Townsend St (130-198),-122.39198400724999,37.77958006435,7,13.0
684022,Townsend St (200-298),-122.39393532484999,37.7780371153,5,18.0
684021,Townsend St (249-271),-122.39324776325,37.7783361687,5,0.0
684032,Townsend St (300-398),-122.39610490845001,37.776349829,5,2.0
684002,Townsend St (54-98),-122.3902046872,37.7809842084,7,7.0
328001,Beale St (1-99),-122.39646397375,37.791785208,6,0.0
666002,Sutter St (50-98),-122.40181502715001,37.79014031385,8,7.0
202072,2nd St (700-798),-122.39026403975001,37.7802887255,7,4.0
203032,3rd St (300-398),-122.39825487830001,37.783122108200004,7,24.0
203031,3rd St (301-399),-122.3981517803,37.78328354455,7,19.0
203041,3rd St (401-499),-122.3970071414,37.782373767850004,7,6.0
568202,Mission St (2000-2098),-122.41966203979999,37.76404948705,4,6.0
568252,Mission St (2500-2598),-122.41889509150002,37.7560345001,4,3.0
568272,Mission St (2700-2798),-122.4185932181,37.752899486649994,4,1.0
568271,Mission St (2701-2799),-122.4184479984,37.7532483404,4,4.0
216292,16th St (2900-2998),-122.4184721384,37.76519261715001,4,10.0
216291,16th St (2901-2999),-122.41842536715,37.76505783545,4,16.0
216302,16th St (3000-3070),-122.42063870445,37.7650613559,4,12.0
216301,16th St (3001-3099),-122.42090525045,37.7649074633,4,9.0
216312,16th St (3100-3198),-122.42292546775,37.7649230537,4,12.0
216311,16th St (3101-3199),-122.42306578155001,37.7647772078,4,14.0
700101,Valencia St (1001-1099),-122.42094095754999,37.756176322650006,4,16.0
700121,Valencia St (1201-1299),-122.42062914905,37.7529219473,4,20.0
700042,Valencia St (400-498),-122.42207050895,37.76570860995,4,14.0
700041,Valencia St (401-499),-122.42186179845001,37.7657905854,4,8.0
700052,Valencia St (500-598),-122.42191209015,37.764057030800004,4,18.0
700051,Valencia St (501-599),-122.42170086505,37.764109837099994,4,9.0
700061,Valencia St (601-699),-122.42155049285,37.7625417421,4,7.0
700062,Valencia St (630-698),-122.42173958965,37.76224803865,4,4.0
700082,Valencia St (800-898),-122.42145292695,37.759262220850005,4,15.0
700092,Valencia St (900-998),-122.4213000402,37.757659927549994,4,12.0
700091,Valencia St (901-999),-122.42109082675,37.757740897199994,4,12.0
220352,20th St (3500-3598),-122.42017652384999,37.758611446399996,4,13.0
221322,21st St (3200-3298),-122.42004878294999,37.75701317645,4,10.0
221321,21st St (3201-3249),-122.4194850131,37.75695383225,4,8.0
222321,22nd St (3201-3249),-122.4193376584,37.755346006850004,4,8.0
222324,22nd St (3250-3298),-122.42039730435,37.7553927781,4,5.0
222323,22nd St (3251-3299),-122.42041289475,37.7552816335,4,9.0
223332,23rd St (3300-3398),-122.41969674105,37.7538171394,4,8.0
223331,23rd St (3301-3399),-122.41967813315,37.7537246027,4,10.0
323002,Bartlett St (2-98),-122.42001207000001,37.756178837250005,4,34.0
370012,Capp St (100-198),-122.41869090725001,37.764273788,4,13.0
370011,Capp St (101-199),-122.41854757589999,37.7642944076,4,13.0
218342,18th St (3400-3498),-122.42062814319999,37.76181452425,4,13.0
218341,18th St (3401-3499),-122.42031080269999,37.7617234963,4,9.0
419041,Franklin St (401-499),-122.42169583585,37.7784479984,3,10.0
419052,Franklin St (466-598),-122.4217340575,37.779515691,3,0.0
443022,Gough St (200-298),-122.4226066184,37.77545966605,3,0.0
443021,Gough St (201-299),-122.42277509555,37.77545061355,3,5.0
443032,Gough St (300-398),-122.4227972239,37.776403138199996,3,0.0
443042,Gough St (400-498),-122.4229833032,37.77732297325,3,0.0
446032,Grove St (300-398),-122.42234962785,37.777987326499996,3,9.0
446031,Grove St (301-399),-122.42230486825,37.77785707105,3,17.0
464032,Hayes St (300-398),-122.42217501535,37.77704834795,3,14.0
464031,Hayes St (301-399),-122.4221260983,37.7769301523,3,14.0
464042,Hayes St (400-498),-122.4239484007,37.776822068,3,11.0
464041,Hayes St (401-499),-122.42368084889999,37.77673204585,3,12.0
467011,Hickory St (101-199),-122.4218255884,37.7755677932,3,11.0
590012,Oak St (100-198),-122.42172249045001,37.775199658,3,13.0
590002,Oak St (2-98),-122.42023134179999,37.77538976065,3,18.0
590001,Oak St (1-99),-122.4201699859,37.7752615168,3,9.0
419051,Franklin St (501-599),-122.42188895589999,37.7794025347,3,12.0
446022,Grove St (200-298),-122.42065580364999,37.7782025749,3,8.0
446021,Grove St (201-299),-122.42072118285,37.778058740700004,3,8.0
446004,Grove St (52-98),-122.41743311204999,37.7786888956,3,20.0
464052,Hayes St (500-598),-122.4253646148,37.776641520850006,3,14.0
464051,Hayes St (501-599),-122.42541239184999,37.7765102595,3,18.0
442072,Golden Gate Ave (700-798),-122.42287668475001,37.78078857369999,3,16.0
442071,Golden Gate Ave (701-799),-122.4228892577,37.7806512774,3,9.0
411022,Fell St (200-298),-122.4219970831,37.77611848725,3,6.0
411032,Fell St (300-398),-122.42355763430001,37.7759193321,3,3.0
411031,Fell St (301-399),-122.42349476965,37.77579209415,3,17.0
419022,Franklin St (200-298),-122.42116073225,37.776676222099994,3,0.0
419031,Franklin St (301-399),-122.4215208208,37.777581975450005,3,10.0
419042,Franklin St (400-598),-122.42155602495001,37.7786355864,3,0.0
443052,Gough St (500-598),-122.4231990545,37.778403238799996,3,0.0
411001,Fell St (1-99),-122.41857423054999,37.776419231549994,3,12.0
411012,Fell St (100-198),-122.42034248645,37.77632920945,3,13.0
411011,Fell St (101-199),-122.42031935224999,37.776196942300004,3,8.0
411002,Fell St (2-98),-122.41863407764998,37.77654697245,3,10.0
442062,Golden Gate Ave (600-698),-122.42129551400001,37.7809897405,3,7.0
442061,Golden Gate Ave (601-699),-122.42124823980001,37.7808599879,3,13.0
446001,Grove St (1-55),-122.4158831221,37.7786652585,3,8.0
446011,Grove St (101-199),-122.4190198149,37.77828907665,3,7.0
446003,Grove St (57-99),-122.4174376383,37.7784907463,3,14.0
464011,Hayes St (101-199),-122.41884178235,37.7773491249,3,0.0
464001,Hayes St (51-99),-122.4174260712,37.77752916915,3,0.0
467001,Hickory St (1-99),-122.4202051901,37.77577398915,3,10.0
542002,Larkin St (10-98),-122.4164172199,37.77821464495,3,0.0
563032,Mcallister St (300-398),-122.4179657011,37.7804521223,3,7.0
563031,Mcallister St (301-399),-122.4174813921,37.78030778515,3,15.0
563042,Mcallister St (400-498),-122.41955642725,37.7802494468,3,13.0
563052,Mcallister St (500-598),-122.42128646149999,37.780029169200006,3,15.0
563051,Mcallister St (501-599),-122.42110641725,37.779927077050004,3,11.0
612001,Polk St (1-99),-122.41805773485,37.777173104,3,4.0
612012,Polk St (100-198),-122.4180537115,37.7779667069,3,10.0
612011,Polk St (141-199),-122.41825739289999,37.778138704499995,3,3.0
612002,Polk St (2-98),-122.4178862402,37.7772113257,3,1.0
612032,Polk St (300-398),-122.41836250255,37.7797681553,3,9.0
640011,Redwood St (101-199),-122.41970227319999,37.780617582,3,9.0
701011,Van Ness Ave (101-199),-122.41975407359999,37.7768185476,3,10.0
701002,Van Ness Ave (2-98),-122.4192833434,37.776095855950004,3,3.0
701022,Van Ness Ave (200-298),-122.4196585194,37.7779687186,3,3.0
701021,Van Ness Ave (201-299),-122.4199175216,37.77763629045,3,5.0
701032,Van Ness Ave (300-498),-122.41986018909999,37.7789599678,3,6.0
701042,Van Ness Ave (300-498),-122.41995674915,37.7794387447,3,6.0
701031,Van Ness Ave (301-499),-122.42017853550001,37.778787970249994,3,8.0
701041,Van Ness Ave (301-499),-122.4203022531,37.779398511349996,3,6.0
701001,Van Ness Ave (41-99),-122.4195986723,37.7760435526,3,3.0
701052,Van Ness Ave (500-598),-122.42018859385,37.78058539525,3,8.0
701051,Van Ness Ave (501-599),-122.4205079461,37.78055371155,3,11.0
334182,Buchanan St (1800-1898),-122.429981895,37.78685526055,1,3.0
334181,Buchanan St (1801-1899),-122.43011919135,37.78686230135,1,5.0
350232,California St (2350-2398),-122.4336295514,37.78901780325,1,2.0
350231,California St (2353-2399),-122.43359283845001,37.788851840650004,1,3.0
350242,California St (2400-2498),-122.43459414605,37.788895091499995,1,8.0
350241,California St (2401-2499),-122.43465550190001,37.78871806475,1,15.0
359242,Clay St (2400-2440),-122.4328324281,37.79094749545,1,3.0
359241,Clay St (2401-2499),-122.4333680346,37.7907553812,1,10.0
359251,Clay St (2501-2599),-122.4345151881,37.790617581999996,1,5.0
415101,Fillmore St (1001-1099),-122.43192164555,37.779080667849996,1,9.0
415112,Fillmore St (1100-1198),-122.431997586,37.78012572925,1,8.0
415111,Fillmore St (1101-1199),-122.43209414605,37.77993260915,1,9.0
415122,Fillmore St (1200-1298),-122.432167069,37.78096409175,1,7.0
415121,Fillmore St (1201-1299),-122.43230034195001,37.780952524650004,1,13.0
415132,Fillmore St (1300-1398),-122.43237628240001,37.781999094750006,1,6.0
415131,Fillmore St (1301-1399),-122.43251760209999,37.78202574935,1,10.0
415142,Fillmore St (1400-1598),-122.4325614413,37.78291316325,1,6.0
415141,Fillmore St (1401-1499),-122.43265942464998,37.78272681555001,1,8.0
415152,Fillmore St (1500-1598),-122.43273335345,37.78376232145,1,11.0
415151,Fillmore St (1501-1599),-122.43286863809999,37.783760812699995,1,7.0
415162,Fillmore St (1600-1698),-122.43291691809999,37.78475507945,1,3.0
415212,Fillmore St (2100-2198),-122.43385083485,37.78930094545,1,8.0
415211,Fillmore St (2101-2199),-122.43399969825,37.789364313,1,9.0
415222,Fillmore St (2200-2298),-122.43405099575,37.7902911889,1,8.0
415221,Fillmore St (2201-2299),-122.43419633875,37.79034047475,1,7.0
415232,Fillmore St (2300-2398),-122.43422651375,37.7911632468,1,10.0
415231,Fillmore St (2301-2399),-122.4343552605,37.7911275397,1,7.0
415242,Fillmore St (2400-2498),-122.43440354055,37.7920448602,1,10.0
415241,Fillmore St (2401-2499),-122.43451166764999,37.79190655805,1,7.0
720242,Washington St (2400-2498),-122.43415509959999,37.791674210400004,1,3.0
720241,Washington St (2401-2499),-122.4341400121,37.791568094949994,1,1.0
722162,Webster St (1600-1698),-122.43130557235,37.78588060755,1,7.0
722211,Webster St (2001-2199),-122.43252866625,37.790317340550004,1,8.0
722212,Webster St (2100-2198),-122.43238885535001,37.790507443150005,1,4.0
663152,Steiner St (1500-1598),-122.4343733655,37.78353047675,1,7.0
663151,Steiner St (1501-1599),-122.4345056327,37.7835133776,1,10.0
500232,Jackson St (2300-2398),-122.43425216255,37.792564373350004,1,4.0
500231,Jackson St (2301-2399),-122.43425970625,37.792455743299996,1,4.0
440152,Geary Blvd (1500-1698),-122.4288201569,37.785029672099995,1,13.0
440162,Geary Blvd (1500-1698),-122.43008801045,37.7848838262,1,9.0
440172,Geary Blvd (1750-1798),-122.43213287065,37.784665560250005,1,10.0
440182,Geary Blvd (1800-1898),-122.43396952325,37.7844317039,1,8.0
440171,Geary Blvd (1801-1837),-122.4321736069,37.784248642099996,1,8.0
440181,Geary Blvd (1839-1899),-122.43366525849999,37.78405853955,1,6.0
415161,Fillmore St (1601-1699),-122.4330848924,37.78482699655,1,6.0
415172,Fillmore St (1700-1798),-122.43308640115,37.785502916949994,1,7.0
415171,Fillmore St (1701-1799),-122.43322168575,37.7854998994,1,7.0
415182,Fillmore St (1800-1898),-122.43330718165,37.78659977875,1,11.0
415181,Fillmore St (1801-1899),-122.4334580567,37.786674713349996,1,5.0
415192,Fillmore St (1900-1998),-122.43348571715,37.78748692415,1,8.0
415191,Fillmore St (1901-1999),-122.4336064172,37.78741048075,1,7.0
415202,Fillmore St (2000-2098),-122.4336949306,37.788526453450004,1,7.0
415201,Fillmore St (2001-2099),-122.43380758395,37.78840877085,1,10.0
540152,Laguna St (1500-1598),-122.42800945485,37.7854229531,1,3.0
540151,Laguna St (1501-1599),-122.4281452424,37.7854229531,1,7.0
540161,Laguna St (1601-1699),-122.42830919335,37.786245222299996,1,10.0
606232,Pine St (2300-2398),-122.43392476365001,37.78798330315,1,1.0
606231,Pine St (2301-2799),-122.43400573324999,37.78783695435,1,4.0
614162,Post St (1600-1698),-122.42897002615,37.78574129955,1,13.0
614172,Post St (1700-1798),-122.4306251257,37.785533594849994,1,14.0
614182,Post St (1800-1898),-122.43228927780001,37.785324884350004,1,13.0
614181,Post St (1801-1899),-122.43225256484999,37.78519412595,1,7.0
614192,Post St (1900-1998),-122.4338976061,37.7851156709,1,10.0
614191,Post St (1901-1999),-122.43389559445,37.7849803862,1,6.0
650242,Sacramento St (2400-2498),-122.4332377791,37.78999044455,1,9.0
650241,Sacramento St (2401-2449),-122.4332247033,37.7898843291,1,4.0
650252,Sacramento St (2500-2598),-122.4344980889,37.7898315228,1,1.0
650251,Sacramento St (2501-2599),-122.4343411788,37.78974351235,1,4.0
666181,Sutter St (1801-1899),-122.43018155300001,37.786415711100005,1,2.0
666201,Sutter St (2001-2099),-122.43406608325,37.7859308992,1,18.0
305002,Avila St (2-98),-122.44029320055,37.800480285649996,0,2.0
354224,Chestnut St (2250-2298),-122.44059696240001,37.80032639305,0,4.0
354232,Chestnut St (2300-2398),-122.44182558845,37.8001699859,0,9.0
354231,Chestnut St (2301-2399),-122.4420981694,37.800010561250005,0,15.0
354242,Chestnut St (2400-2498),-122.44326745125,37.79998692415,0,5.0
354241,Chestnut St (2401-2499),-122.44319352245,37.799871253250004,0,6.0
652322,Scott St (3200-3298),-122.44102142424998,37.79974652985,0,8.0
652332,Scott St (3300-3398),-122.4411436331,37.8003540535,0,2.0
652331,Scott St (3301-3399),-122.4412889761,37.80039730435,0,3.0
607332,Pierce St (3300-3330),-122.43945483805,37.8006035003,0,3.0
607331,Pierce St (3301-3337),-122.43957000604999,37.800581874849996,0,2.0
608012,Pixley St (100-198),-122.43548330315001,37.798553108,0,4.0
607322,Pierce St (3200-3298),-122.43937185675,37.79993914705,0,7.0
415312,Fillmore St (3100-3148),-122.43566334740001,37.7982820358,0,6.0
415311,Fillmore St (3101-3149),-122.4357971233,37.7982724804,0,6.0
415314,Fillmore St (3150-3198),-122.43575035205001,37.798713538550004,0,6.0
415313,Fillmore St (3151-3199),-122.43588211625,37.798693924750005,0,6.0
415322,Fillmore St (3200-3248),-122.43585143835,37.79921394085,0,5.0
415321,Fillmore St (3201-3229),-122.43598823175,37.7992099175,0,5.0
415332,Fillmore St (3300-3398),-122.43605813719999,37.80023335345,0,5.0
415331,Fillmore St (3301-3399),-122.43621102395,37.8003173406,0,7.0
413222,Filbert St (2200-2298),-122.4359816938,37.79803812110001,0,3.0
354202,Chestnut St (2000-2048),-122.43689096760001,37.800795614600005,0,8.0
354201,Chestnut St (2001-2099),-122.437173104,37.800635184049995,0,12.0
354204,Chestnut St (2050-2098),-122.4377921947,37.80068145244999,0,4.0
354222,Chestnut St (2200-2248),-122.44001860795001,37.80039981895,0,5.0
354221,Chestnut St (2201-2299),-122.44034148059998,37.800234359300006,0,17.0
354212,Chestnut St (2100-2198),-122.43869493054999,37.80056729025,0,18.0
354211,Chestnut St (2101-2199),-122.43858579765,37.800456648549996,0,13.0
413221,Filbert St (2201-2299),-122.43596258299999,37.7979309998,0,3.0
447212,Greenwich St (2100-2198),-122.4354692215,37.79905703075001,0,6.0
447211,Greenwich St (2101-2199),-122.43556276405002,37.7989378395,0,2.0
447221,Greenwich St (2201-2299),-122.43618487225,37.79885787565,0,2.0
549222,Lombard St (2200-2298),-122.43832679545,37.79966505735,0,6.0
560001,Mallorca Way (1-69),-122.43738734665001,37.80082478375,0,1.0
608022,Pixley St (200-298),-122.4360757393,37.798477670500006,0,5.0
663331,Steiner St (3301-3399),-122.43786662644999,37.80013528465,0,8.0
